<?xml version="1.0" encoding="UTF-8" ?>
<!DOCTYPE mapper PUBLIC "-//mybatis.org//DTD Mapper 3.0//EN" 
	"http://mybatis.org/dtd/mybatis-3-mapper.dtd">
	
<mapper namespace="com.ssafy.vue.model.mapper.QnaMapper">

	<resultMap type="qnaAnswerDto" id ="qnaAnswer">
		<result column="userid" property="userId"/>
		<result column="content" property="answerContent" />
		<result column="regTime" property="answerRegTime" />
	</resultMap>
	
	<select id="listArticle" parameterType="map" resultType="boardDto">
		select articleno, userid, subject, content, hit,
				case when date_format(regtime, '%Y%m%d') = date_format(now(), '%Y%m%d')
				then date_format(regtime, '%H:%i:%s')
				else date_format(regtime, '%y.%m.%d')
				end regtime
		from qnaBoard
		<if test="word != null and word != ''">
			<if test="key == 'subject'">
				where subject like concat('%', #{word}, '%')
			</if>
			<if test="key != 'subject'">
				where ${key} = #{word}
			</if>
		</if>
		order by articleno desc
		limit #{start}, #{spp}
	</select>
	
	<select id="getArticle" parameterType="int" resultType="qnaDto">
		select articleno, userid, subject, content, hit, regtime
		from qnaboard
		where articleno = #{articleno}
	</select>
	
	<select id="getQnaAnswer" parameterType="int" resultMap="qnaAnswer">
		select userid, content, regTime
		from qnaanswer
		where articleno = #{articleNo}
	</select>
	
		<insert id="writeArticle" parameterType="qnaDto">
			insert into qnaboard (userid, subject, content, hit, regtime)
			values (#{userid}, #{subject}, #{content}, 0, now())
		</insert>
	
<!-- 	<select id="getTotalCount" parameterType="map" resultType="int"> -->
<!-- 		select count(articleno) -->
<!-- 		from board -->
<!-- 		<if test="word != null and word != ''"> -->
<!-- 			<if test="key == 'subject'"> -->
<!-- 				where subject like concat('%', #{word}, '%') -->
<!-- 			</if> -->
<!-- 			<if test="key != 'subject'"> -->
<!-- 				where ${key} = #{word} -->
<!-- 			</if> -->
<!-- 		</if> -->
<!-- 	</select> -->
	


	<update id="modifyArticle" parameterType="qnaDto">
		update qnaboard
		set subject = #{subject}, content = #{content}
		where articleno = #{articleno}
	</update>

	<delete id="deleteArticle" parameterType="int">
		delete from qnaBoard
		where articleno = #{articleno}
	</delete>

</mapper>

